[{"model": "auth.permission", "pk": 1, "fields": {"name": "Can add log entry", "content_type": 1, "codename": "add_logentry"}}, {"model": "auth.permission", "pk": 2, "fields": {"name": "Can change log entry", "content_type": 1, "codename": "change_logentry"}}, {"model": "auth.permission", "pk": 3, "fields": {"name": "Can delete log entry", "content_type": 1, "codename": "delete_logentry"}}, {"model": "auth.permission", "pk": 4, "fields": {"name": "Can view log entry", "content_type": 1, "codename": "view_logentry"}}, {"model": "auth.permission", "pk": 5, "fields": {"name": "Can add permission", "content_type": 2, "codename": "add_permission"}}, {"model": "auth.permission", "pk": 6, "fields": {"name": "Can change permission", "content_type": 2, "codename": "change_permission"}}, {"model": "auth.permission", "pk": 7, "fields": {"name": "Can delete permission", "content_type": 2, "codename": "delete_permission"}}, {"model": "auth.permission", "pk": 8, "fields": {"name": "Can view permission", "content_type": 2, "codename": "view_permission"}}, {"model": "auth.permission", "pk": 9, "fields": {"name": "Can add group", "content_type": 3, "codename": "add_group"}}, {"model": "auth.permission", "pk": 10, "fields": {"name": "Can change group", "content_type": 3, "codename": "change_group"}}, {"model": "auth.permission", "pk": 11, "fields": {"name": "Can delete group", "content_type": 3, "codename": "delete_group"}}, {"model": "auth.permission", "pk": 12, "fields": {"name": "Can view group", "content_type": 3, "codename": "view_group"}}, {"model": "auth.permission", "pk": 13, "fields": {"name": "Can add user", "content_type": 4, "codename": "add_user"}}, {"model": "auth.permission", "pk": 14, "fields": {"name": "Can change user", "content_type": 4, "codename": "change_user"}}, {"model": "auth.permission", "pk": 15, "fields": {"name": "Can delete user", "content_type": 4, "codename": "delete_user"}}, {"model": "auth.permission", "pk": 16, "fields": {"name": "Can view user", "content_type": 4, "codename": "view_user"}}, {"model": "auth.permission", "pk": 17, "fields": {"name": "Can add content type", "content_type": 5, "codename": "add_contenttype"}}, {"model": "auth.permission", "pk": 18, "fields": {"name": "Can change content type", "content_type": 5, "codename": "change_contenttype"}}, {"model": "auth.permission", "pk": 19, "fields": {"name": "Can delete content type", "content_type": 5, "codename": "delete_contenttype"}}, {"model": "auth.permission", "pk": 20, "fields": {"name": "Can view content type", "content_type": 5, "codename": "view_contenttype"}}, {"model": "auth.permission", "pk": 21, "fields": {"name": "Can add session", "content_type": 6, "codename": "add_session"}}, {"model": "auth.permission", "pk": 22, "fields": {"name": "Can change session", "content_type": 6, "codename": "change_session"}}, {"model": "auth.permission", "pk": 23, "fields": {"name": "Can delete session", "content_type": 6, "codename": "delete_session"}}, {"model": "auth.permission", "pk": 24, "fields": {"name": "Can view session", "content_type": 6, "codename": "view_session"}}, {"model": "auth.permission", "pk": 25, "fields": {"name": "Can add room", "content_type": 7, "codename": "add_room"}}, {"model": "auth.permission", "pk": 26, "fields": {"name": "Can change room", "content_type": 7, "codename": "change_room"}}, {"model": "auth.permission", "pk": 27, "fields": {"name": "Can delete room", "content_type": 7, "codename": "delete_room"}}, {"model": "auth.permission", "pk": 28, "fields": {"name": "Can view room", "content_type": 7, "codename": "view_room"}}, {"model": "auth.permission", "pk": 29, "fields": {"name": "Can add message", "content_type": 8, "codename": "add_message"}}, {"model": "auth.permission", "pk": 30, "fields": {"name": "Can change message", "content_type": 8, "codename": "change_message"}}, {"model": "auth.permission", "pk": 31, "fields": {"name": "Can delete message", "content_type": 8, "codename": "delete_message"}}, {"model": "auth.permission", "pk": 32, "fields": {"name": "Can view message", "content_type": 8, "codename": "view_message"}}, {"model": "auth.permission", "pk": 33, "fields": {"name": "Can add indiviual chat", "content_type": 9, "codename": "add_indiviualchat"}}, {"model": "auth.permission", "pk": 34, "fields": {"name": "Can change indiviual chat", "content_type": 9, "codename": "change_indiviualchat"}}, {"model": "auth.permission", "pk": 35, "fields": {"name": "Can delete indiviual chat", "content_type": 9, "codename": "delete_indiviualchat"}}, {"model": "auth.permission", "pk": 36, "fields": {"name": "Can view indiviual chat", "content_type": 9, "codename": "view_indiviualchat"}}, {"model": "auth.user", "pk": 3, "fields": {"password": "pbkdf2_sha256$600000$ZJYfcz4tkGCyVbtUWrfeDX$9Z8GOwXSPZB8+FC5ecjkXoAz55LbSZfXklOisEo3dps=", "last_login": "2023-08-24T19:21:08.303Z", "is_superuser": false, "username": "Zeeshan", "first_name": "", "last_name": "", "email": "", "is_staff": false, "is_active": true, "date_joined": "2023-08-24T19:13:30.262Z", "groups": [], "user_permissions": []}}, {"model": "auth.user", "pk": 4, "fields": {"password": "pbkdf2_sha256$600000$ErxcCFwjYEavhgVW89OaCF$nkl6hhTiqbcesJxTicQU3cHLPnFbNHy68og+PmqDwOU=", "last_login": "2023-08-27T21:33:58.901Z", "is_superuser": true, "username": "Admin", "first_name": "", "last_name": "", "email": "admin@arbisoft.com", "is_staff": true, "is_active": true, "date_joined": "2023-08-24T19:17:30.916Z", "groups": [], "user_permissions": []}}, {"model": "auth.user", "pk": 5, "fields": {"password": "pbkdf2_sha256$600000$zTyx1qfGNYuGG19ULH8RDr$4uEdwW7ESVBcDNWTZGQ5X9DmcNvEKRNfhgFxb85gZAw=", "last_login": "2023-08-24T19:21:46.314Z", "is_superuser": false, "username": "HannanAbid", "first_name": "", "last_name": "", "email": "", "is_staff": false, "is_active": true, "date_joined": "2023-08-24T19:21:45.924Z", "groups": [], "user_permissions": []}}, {"model": "auth.user", "pk": 6, "fields": {"password": "pbkdf2_sha256$600000$PAFpe8H4zH5ZoF2SrXQnlj$R2TwSajUi3vf0tXdUE239tv8Qpwt85oe4NsqIrxpElE=", "last_login": "2023-08-28T08:45:26.501Z", "is_superuser": false, "username": "junaidnazir", "first_name": "", "last_name": "", "email": "", "is_staff": false, "is_active": true, "date_joined": "2023-08-26T11:36:03.802Z", "groups": [], "user_permissions": []}}, {"model": "auth.user", "pk": 7, "fields": {"password": "pbkdf2_sha256$600000$EsIJq5TbcLkfG1eRc5FKyE$IPC7svoTJm4fvCW2BnxGvzVTN/DGPRgU10hRAAwhukw=", "last_login": "2023-08-27T15:08:24.026Z", "is_superuser": false, "username": "mta", "first_name": "", "last_name": "", "email": "", "is_staff": false, "is_active": true, "date_joined": "2023-08-26T19:27:13.351Z", "groups": [], "user_permissions": []}}, {"model": "auth.user", "pk": 8, "fields": {"password": "pbkdf2_sha256$600000$T9TASA76CO7wqChghg7J0y$PQ6D7xWTW0/x9/pmfL8mi0s0LnO8TltEIwZSvWSXgPM=", "last_login": "2023-08-27T20:24:57.650Z", "is_superuser": false, "username": "Zain", "first_name": "", "last_name": "", "email": "", "is_staff": false, "is_active": true, "date_joined": "2023-08-27T20:10:34.708Z", "groups": [], "user_permissions": []}}, {"model": "contenttypes.contenttype", "pk": 1, "fields": {"app_label": "admin", "model": "logentry"}}, {"model": "contenttypes.contenttype", "pk": 2, "fields": {"app_label": "auth", "model": "permission"}}, {"model": "contenttypes.contenttype", "pk": 3, "fields": {"app_label": "auth", "model": "group"}}, {"model": "contenttypes.contenttype", "pk": 4, "fields": {"app_label": "auth", "model": "user"}}, {"model": "contenttypes.contenttype", "pk": 5, "fields": {"app_label": "contenttypes", "model": "contenttype"}}, {"model": "contenttypes.contenttype", "pk": 6, "fields": {"app_label": "sessions", "model": "session"}}, {"model": "contenttypes.contenttype", "pk": 7, "fields": {"app_label": "room", "model": "room"}}, {"model": "contenttypes.contenttype", "pk": 8, "fields": {"app_label": "room", "model": "message"}}, {"model": "contenttypes.contenttype", "pk": 9, "fields": {"app_label": "room", "model": "indiviualchat"}}, {"model": "sessions.session", "pk": "0avl81elho1pqncu7ajc2b55o7eazcan", "fields": {"session_data": ".eJxVjEEOwiAQRe_C2pCBAae6dO8ZGoYBqRpISrsy3l2bdKHb_977LzWGdSnj2tM8TqLOitThd-MQH6luQO6h3pqOrS7zxHpT9E67vjZJz8vu_h2U0Mu3TgiZHVqAI9tk2AEgCmUckokhn8C5QZDJCGQhC57YE4kPSNFll9X7A9QHN5E:1qZywF:7XOHxf8l9onO4Zb5OwdyQoaxpXuBka331EHbZit8FgU", "expire_date": "2023-09-09T19:27:15.122Z"}}, {"model": "sessions.session", "pk": "65b4sb30m3thfsdz3r8bnmljrxhymmlf", "fields": {"session_data": ".eJxVjDsOwyAQBe9CHaEFYz4p0_sMiF0gOIlAMnYV5e6xJRdJOzPvvZkP21r81tPi58iuTLPLL8NAz1QPER-h3hunVtdlRn4k_LSdTy2m1-1s_w5K6GVfjwSDGnVQwcZsQAspwWACJK0cCJeiyDvSREZa5QbpyCo0GRIaQKnZ5wvEOjcI:1qaXsE:FCDAYVVX1DQgHEbzfknWs4MdNToYw2HaTAQvmEKVyuQ", "expire_date": "2023-09-11T08:45:26.512Z"}}, {"model": "sessions.session", "pk": "6i8nco0otvfexvdt83r1ya48qterrd79", "fields": {"session_data": ".eJxVjDsOwjAQBe_iGlkb1j8o6TlDtB-bBJAjxUmFuDtESgHtm5n3Mj2ty9CvLc_9qOZs0Bx-NyZ55LoBvVO9TVamuswj202xO232Oml-Xnb372CgNnzrIgAYj6cMKEWBQwTEqIGDenSukCTOLoTEXeo8KRVIwfvIgh1KLub9Ad9LN_s:1qZFtE:Up1xbFFRFlDjrMasnfaqXK5Sf7q7a5pgDgIK9x-HezA", "expire_date": "2023-09-07T19:21:08.309Z"}}, {"model": "sessions.session", "pk": "7r4mfnuw1zlfeuqwxj9fekvlwdijm504", "fields": {"session_data": ".eJxVjDsOwjAQBe_iGln2Bv8o6XMGa71e4wBypDipEHeHSCmgfTPzXiLitta4dV7ilMVFaHH63RLSg9sO8h3bbZY0t3WZktwVedAuxznz83q4fwcVe_3WlAtYk4r3jKUEa40JZ0_A6AiN8hqTc4q1CgTFDwMCQGYDKiEon5V4fwD5tzf6:1nEE0S:N2oalzOMbkeo-mv-HridC40g_sGXtGLDIMTF_oZvnL8", "expire_date": "2022-02-13T17:28:52.317Z"}}, {"model": "sessions.session", "pk": "9yla6iiyzckg2rzvdntgfo59x5fooafx", "fields": {"session_data": ".eJxVjEEOwiAQRe_C2pBxOqXg0n3PQAYGpGpoUtqV8e7apAvd_vfefynP21r81tLiJ1EXher0uwWOj1R3IHeut1nHua7LFPSu6IM2Pc6SntfD_Tso3Mq3hpwRxDKgQchhkD4xEdlgKDtGAtcDW-MSI1DXWUsysAw9w9l1MSb1_gDTVzdo:1oCbqV:RdlHLf4NNcrGawmpV5eIaF_AY7iRzjzBANnI6w4RV10", "expire_date": "2022-07-30T07:04:11.442Z"}}, {"model": "sessions.session", "pk": "bt3xzwfvobdoz940hhpjerkh5wpcym5y", "fields": {"session_data": ".eJxVjDsOwjAQBe_iGln2Bv8o6XMGa71e4wBypDipEHeHSCmgfTPzXiLitta4dV7ilMVFaHH63RLSg9sO8h3bbZY0t3WZktwVedAuxznz83q4fwcVe_3WlAtYk4r3jKUEa40JZ0_A6AiN8hqTc4q1CgTFDwMCQGYDKiEon5V4fwD5tzf6:1oCbln:QNPLwqHLrOb9ichU8ithBsqEWSphOEmVeDquuVX1W7s", "expire_date": "2022-07-30T06:59:19.440Z"}}, {"model": "sessions.session", "pk": "kd2jb4itq3dfrgot68wxxrp8blr9ndoi", "fields": {"session_data": ".eJxVjEEOwiAQRe_C2pBxOqXg0n3PQAYGpGpoUtqV8e7apAvd_vfefynP21r81tLiJ1EXher0uwWOj1R3IHeut1nHua7LFPSu6IM2Pc6SntfD_Tso3Mq3hpwRxDKgQchhkD4xEdlgKDtGAtcDW-MSI1DXWUsysAw9w9l1MSb1_gDTVzdo:1nGMmv:ZpANs341RH__yzgeEl1879OC_oKvCyFjr4sjWRU3Abc", "expire_date": "2022-02-19T15:15:45.009Z"}}, {"model": "sessions.session", "pk": "vyxmnee1yxqudio4ophzmrv3q0lk8t82", "fields": {"session_data": ".eJxVjEEOwiAQAP_C2RCBbQGP3n0DWXZBqgaS0p6MfzckPeh1ZjJvEXDfSth7WsPC4iJAnH5ZRHqmOgQ_sN6bpFa3dYlyJPKwXd4ap9f1aP8GBXsZ20kTeJs0ZEeewSqPJlmM0WhtSc3OMVNmj_N0RlDMHjImY5QBR2TF5wvi8jgR:1qaNOQ:aw76OGIbpQi3xU5VGtlhZGamW9nVQ3RahdK710IL8sY", "expire_date": "2023-09-10T21:33:58.910Z"}}, {"model": "sessions.session", "pk": "ynnxa76x42dfyjbzkiwelfseyqiowkc1", "fields": {"session_data": ".eJxVjMsOwiAQRf-FtSFAebp07zeQYQakaiAp7cr479qkC93ec859sQjbWuM28hJnYmfm2el3S4CP3HZAd2i3zrG3dZkT3xV-0MGvnfLzcrh_BxVG_dboE8lgs0nOBWMnGzSQsCVB9tZIrxShQyhGBkE6SG1EUWj0VAS6ZCV7fwDhlDeE:1qaM5j:GsUpyLk-i9FAWU1on89uk5G7wboztSQW_IpgsBkrb1g", "expire_date": "2023-09-10T20:10:35.722Z"}}, {"model": "room.room", "pk": 3, "fields": {"name": "Bom-Squad", "slug": "bom-squad"}}, {"model": "room.room", "pk": 4, "fields": {"name": "Arbisoft", "slug": "arbisoft"}}, {"model": "room.message", "pk": 12, "fields": {"room": 3, "user": 4, "content": "hye", "date_added": "2023-08-24T19:18:45.069Z"}}, {"model": "room.message", "pk": 13, "fields": {"room": 3, "user": 4, "content": "", "date_added": "2023-08-24T19:18:45.131Z"}}, {"model": "room.message", "pk": 14, "fields": {"room": 3, "user": 4, "content": "Hello", "date_added": "2023-08-24T19:18:49.941Z"}}, {"model": "room.message", "pk": 15, "fields": {"room": 4, "user": 4, "content": "Hello", "date_added": "2023-08-24T19:19:14.644Z"}}, {"model": "room.message", "pk": 16, "fields": {"room": 4, "user": 4, "content": "Hye", "date_added": "2023-08-24T19:19:17.424Z"}}, {"model": "room.message", "pk": 17, "fields": {"room": 4, "user": 4, "content": "Hello", "date_added": "2023-08-24T19:19:23.142Z"}}, {"model": "room.message", "pk": 18, "fields": {"room": 4, "user": 4, "content": "My name is hannan", "date_added": "2023-08-24T19:19:27.457Z"}}, {"model": "room.message", "pk": 19, "fields": {"room": 4, "user": 4, "content": "", "date_added": "2023-08-24T19:19:27.545Z"}}, {"model": "room.message", "pk": 20, "fields": {"room": 3, "user": 3, "content": "Hello", "date_added": "2023-08-24T19:21:56.938Z"}}, {"model": "room.message", "pk": 21, "fields": {"room": 3, "user": 5, "content": "Hye", "date_added": "2023-08-24T19:22:05.324Z"}}, {"model": "room.message", "pk": 22, "fields": {"room": 3, "user": 5, "content": "", "date_added": "2023-08-24T19:22:05.386Z"}}, {"model": "room.message", "pk": 23, "fields": {"room": 3, "user": 5, "content": "Hello", "date_added": "2023-08-24T19:22:23.282Z"}}, {"model": "room.message", "pk": 24, "fields": {"room": 3, "user": 5, "content": "", "date_added": "2023-08-24T19:22:23.352Z"}}, {"model": "room.message", "pk": 25, "fields": {"room": 3, "user": 5, "content": "Hello", "date_added": "2023-08-24T19:23:21.498Z"}}, {"model": "room.message", "pk": 26, "fields": {"room": 3, "user": 3, "content": "oye", "date_added": "2023-08-24T20:51:30.230Z"}}, {"model": "room.message", "pk": 27, "fields": {"room": 3, "user": 5, "content": "hye", "date_added": "2023-08-24T21:02:13.921Z"}}, {"model": "room.message", "pk": 28, "fields": {"room": 3, "user": 3, "content": "yarr", "date_added": "2023-08-25T09:40:40.232Z"}}, {"model": "room.message", "pk": 29, "fields": {"room": 3, "user": 5, "content": "han gg", "date_added": "2023-08-25T09:41:12.549Z"}}, {"model": "room.message", "pk": 30, "fields": {"room": 3, "user": 5, "content": "", "date_added": "2023-08-25T09:41:12.599Z"}}, {"model": "room.message", "pk": 31, "fields": {"room": 3, "user": 3, "content": "laaaaa", "date_added": "2023-08-25T09:56:02.521Z"}}, {"model": "room.message", "pk": 32, "fields": {"room": 4, "user": 4, "content": "Hello", "date_added": "2023-08-25T09:56:35.409Z"}}, {"model": "room.message", "pk": 33, "fields": {"room": 4, "user": 4, "content": "Hello", "date_added": "2023-08-25T17:17:30.817Z"}}, {"model": "room.message", "pk": 34, "fields": {"room": 4, "user": 4, "content": "", "date_added": "2023-08-25T17:17:30.861Z"}}, {"model": "room.message", "pk": 35, "fields": {"room": 3, "user": 4, "content": "Hye", "date_added": "2023-08-26T11:34:51.313Z"}}, {"model": "room.message", "pk": 36, "fields": {"room": 3, "user": 6, "content": "hello", "date_added": "2023-08-26T11:36:11.052Z"}}, {"model": "room.message", "pk": 37, "fields": {"room": 3, "user": 6, "content": "", "date_added": "2023-08-26T11:36:11.155Z"}}, {"model": "room.message", "pk": 38, "fields": {"room": 3, "user": 4, "content": "hye", "date_added": "2023-08-26T11:36:27.031Z"}}, {"model": "room.message", "pk": 39, "fields": {"room": 3, "user": 6, "content": "Assalam O Alaikum", "date_added": "2023-08-26T11:36:39.617Z"}}, {"model": "room.message", "pk": 40, "fields": {"room": 3, "user": 7, "content": "Hi", "date_added": "2023-08-27T15:08:32.217Z"}}, {"model": "room.message", "pk": 41, "fields": {"room": 3, "user": 7, "content": "", "date_added": "2023-08-27T15:08:32.379Z"}}, {"model": "room.message", "pk": 42, "fields": {"room": 3, "user": 7, "content": "i'm new here", "date_added": "2023-08-27T15:08:44.168Z"}}, {"model": "room.message", "pk": 43, "fields": {"room": 3, "user": 7, "content": "Hellow", "date_added": "2023-08-27T18:14:05.780Z"}}, {"model": "room.message", "pk": 44, "fields": {"room": 3, "user": 7, "content": "", "date_added": "2023-08-27T18:14:05.956Z"}}, {"model": "room.message", "pk": 45, "fields": {"room": 3, "user": 4, "content": "Hye", "date_added": "2023-08-27T20:22:49.596Z"}}, {"model": "room.message", "pk": 46, "fields": {"room": 3, "user": 4, "content": "", "date_added": "2023-08-27T20:22:49.655Z"}}, {"model": "room.message", "pk": 47, "fields": {"room": 4, "user": 6, "content": "Assalam O Alaikum", "date_added": "2023-08-27T20:25:20.411Z"}}, {"model": "room.message", "pk": 48, "fields": {"room": 4, "user": 8, "content": "Hye", "date_added": "2023-08-27T20:25:29.595Z"}}, {"model": "room.message", "pk": 49, "fields": {"room": 3, "user": 4, "content": "Hye", "date_added": "2023-08-27T21:34:35.543Z"}}, {"model": "room.message", "pk": 50, "fields": {"room": 3, "user": 4, "content": "", "date_added": "2023-08-27T21:34:35.596Z"}}, {"model": "room.message", "pk": 51, "fields": {"room": 3, "user": 6, "content": "hello", "date_added": "2023-08-27T21:35:20.494Z"}}, {"model": "room.message", "pk": 52, "fields": {"room": 3, "user": 4, "content": "Hye", "date_added": "2023-08-28T07:05:04.069Z"}}, {"model": "room.message", "pk": 53, "fields": {"room": 3, "user": 6, "content": "Hello\n", "date_added": "2023-08-28T10:45:17.606Z"}}, {"model": "room.message", "pk": 54, "fields": {"room": 3, "user": 4, "content": "Yes\n", "date_added": "2023-08-28T10:45:36.992Z"}}, {"model": "room.message", "pk": 55, "fields": {"room": 3, "user": 4, "content": "Anybody ?\n", "date_added": "2023-08-28T10:45:43.038Z"}}, {"model": "room.message", "pk": 56, "fields": {"room": 3, "user": 6, "content": "Yes Sir\n", "date_added": "2023-08-28T10:45:51.287Z"}}, {"model": "room.message", "pk": 57, "fields": {"room": 3, "user": 4, "content": "How are you ?\n", "date_added": "2023-08-28T10:45:59.222Z"}}, {"model": "room.message", "pk": 58, "fields": {"room": 3, "user": 6, "content": "Am fine\n", "date_added": "2023-08-28T10:46:03.541Z"}}, {"model": "room.message", "pk": 59, "fields": {"room": 3, "user": 6, "content": "", "date_added": "2023-08-28T10:49:20.840Z"}}, {"model": "room.message", "pk": 60, "fields": {"room": 3, "user": 6, "content": "", "date_added": "2023-08-28T10:49:25.856Z"}}, {"model": "room.message", "pk": 61, "fields": {"room": 3, "user": 4, "content": "", "date_added": "2023-08-28T10:49:37.494Z"}}, {"model": "room.message", "pk": 62, "fields": {"room": 3, "user": 6, "content": "yes\n", "date_added": "2023-08-28T11:24:35.573Z"}}, {"model": "room.message", "pk": 63, "fields": {"room": 3, "user": 6, "content": "yes\n", "date_added": "2023-08-28T11:24:44.253Z"}}, {"model": "room.message", "pk": 64, "fields": {"room": 3, "user": 4, "content": "Hello\n", "date_added": "2023-08-28T11:24:51.404Z"}}, {"model": "room.message", "pk": 65, "fields": {"room": 3, "user": 6, "content": "Yes\n", "date_added": "2023-08-28T11:24:56.161Z"}}, {"model": "room.message", "pk": 66, "fields": {"room": 3, "user": 4, "content": "Who are you ?\n", "date_added": "2023-08-28T11:25:01.971Z"}}, {"model": "room.message", "pk": 67, "fields": {"room": 3, "user": 6, "content": "Junaid from Bom Squad Team\n", "date_added": "2023-08-28T11:25:11.707Z"}}, {"model": "room.message", "pk": 68, "fields": {"room": 3, "user": 4, "content": "", "date_added": "2023-08-28T11:25:17.374Z"}}, {"model": "room.indiviualchat", "pk": 1, "fields": {"sender": 7, "reciver": 7, "message": "Zeeshan", "date_added": "2023-08-27T19:51:16.829Z"}}, {"model": "room.indiviualchat", "pk": 2, "fields": {"sender": 7, "reciver": 7, "message": "Zeeshan", "date_added": "2023-08-27T19:55:22.318Z"}}, {"model": "room.indiviualchat", "pk": 3, "fields": {"sender": 7, "reciver": 3, "message": "helo", "date_added": "2023-08-27T19:58:09.322Z"}}, {"model": "room.indiviualchat", "pk": 4, "fields": {"sender": 7, "reciver": 3, "message": "hi", "date_added": "2023-08-27T19:58:20.824Z"}}, {"model": "room.indiviualchat", "pk": 5, "fields": {"sender": 8, "reciver": 7, "message": "hi", "date_added": "2023-08-27T20:10:50.991Z"}}, {"model": "room.indiviualchat", "pk": 6, "fields": {"sender": 8, "reciver": 7, "message": "How are You?", "date_added": "2023-08-27T20:10:59.402Z"}}, {"model": "room.indiviualchat", "pk": 7, "fields": {"sender": 7, "reciver": 8, "message": "HI", "date_added": "2023-08-27T20:11:18.332Z"}}, {"model": "room.indiviualchat", "pk": 8, "fields": {"sender": 7, "reciver": 8, "message": "I'm fine.", "date_added": "2023-08-27T20:11:26.726Z"}}, {"model": "room.indiviualchat", "pk": 9, "fields": {"sender": 7, "reciver": 8, "message": "what's up?", "date_added": "2023-08-27T20:11:36.360Z"}}, {"model": "room.indiviualchat", "pk": 10, "fields": {"sender": 8, "reciver": 7, "message": "Nothing just testing this app.", "date_added": "2023-08-27T20:12:07.986Z"}}, {"model": "room.indiviualchat", "pk": 11, "fields": {"sender": 7, "reciver": 8, "message": "Wowo great.", "date_added": "2023-08-27T20:12:25.530Z"}}, {"model": "room.indiviualchat", "pk": 12, "fields": {"sender": 4, "reciver": 8, "message": "Hello", "date_added": "2023-08-27T20:22:59.742Z"}}, {"model": "room.indiviualchat", "pk": 13, "fields": {"sender": 6, "reciver": 8, "message": "Assalam O Alaikum", "date_added": "2023-08-27T20:24:10.588Z"}}, {"model": "room.indiviualchat", "pk": 14, "fields": {"sender": 8, "reciver": 6, "message": "Hye", "date_added": "2023-08-27T20:25:09.043Z"}}, {"model": "room.indiviualchat", "pk": 15, "fields": {"sender": 4, "reciver": 7, "message": "Hello", "date_added": "2023-08-27T21:35:34.679Z"}}, {"model": "room.indiviualchat", "pk": 16, "fields": {"sender": 6, "reciver": 4, "message": "Assalam O Alaikum", "date_added": "2023-08-27T21:35:54.066Z"}}, {"model": "room.indiviualchat", "pk": 17, "fields": {"sender": 4, "reciver": 5, "message": "Hello", "date_added": "2023-08-28T07:05:12.448Z"}}, {"model": "room.indiviualchat", "pk": 18, "fields": {"sender": 4, "reciver": 3, "message": "Hello", "date_added": "2023-08-28T08:07:57.460Z"}}, {"model": "room.indiviualchat", "pk": 19, "fields": {"sender": 4, "reciver": 6, "message": "Hello ??", "date_added": "2023-08-28T08:08:07.708Z"}}, {"model": "room.indiviualchat", "pk": 20, "fields": {"sender": 4, "reciver": 6, "message": "", "date_added": "2023-08-28T08:08:07.764Z"}}, {"model": "room.indiviualchat", "pk": 21, "fields": {"sender": 6, "reciver": 4, "message": "Yes. How are you", "date_added": "2023-08-28T08:45:42.135Z"}}, {"model": "room.indiviualchat", "pk": 22, "fields": {"sender": 6, "reciver": 4, "message": "", "date_added": "2023-08-28T08:45:42.188Z"}}, {"model": "room.indiviualchat", "pk": 23, "fields": {"sender": 4, "reciver": 6, "message": "I am fine", "date_added": "2023-08-28T08:46:03.006Z"}}, {"model": "room.indiviualchat", "pk": 24, "fields": {"sender": 6, "reciver": 4, "message": "", "date_added": "2023-08-28T08:46:17.544Z"}}, {"model": "room.indiviualchat", "pk": 25, "fields": {"sender": 6, "reciver": 4, "message": "", "date_added": "2023-08-28T08:46:33.029Z"}}, {"model": "room.indiviualchat", "pk": 26, "fields": {"sender": 6, "reciver": 4, "message": "how", "date_added": "2023-08-28T08:46:40.140Z"}}, {"model": "room.indiviualchat", "pk": 27, "fields": {"sender": 6, "reciver": 4, "message": "", "date_added": "2023-08-28T08:46:40.184Z"}}, {"model": "room.indiviualchat", "pk": 28, "fields": {"sender": 4, "reciver": 6, "message": "", "date_added": "2023-08-28T08:47:19.604Z"}}, {"model": "room.indiviualchat", "pk": 29, "fields": {"sender": 4, "reciver": 6, "message": "Hello", "date_added": "2023-08-28T08:47:27.039Z"}}, {"model": "room.indiviualchat", "pk": 30, "fields": {"sender": 4, "reciver": 6, "message": "Hye", "date_added": "2023-08-28T08:47:31.624Z"}}, {"model": "room.indiviualchat", "pk": 31, "fields": {"sender": 4, "reciver": 6, "message": "", "date_added": "2023-08-28T08:47:31.655Z"}}, {"model": "room.indiviualchat", "pk": 32, "fields": {"sender": 4, "reciver": 5, "message": "Hello", "date_added": "2023-08-28T10:26:13.698Z"}}, {"model": "room.indiviualchat", "pk": 33, "fields": {"sender": 4, "reciver": 5, "message": "Hye\n", "date_added": "2023-08-28T10:26:16.316Z"}}, {"model": "room.indiviualchat", "pk": 34, "fields": {"sender": 4, "reciver": 6, "message": "Hello\n", "date_added": "2023-08-28T10:26:33.086Z"}}, {"model": "room.indiviualchat", "pk": 35, "fields": {"sender": 4, "reciver": 6, "message": "Hye\n", "date_added": "2023-08-28T10:26:35.884Z"}}, {"model": "room.indiviualchat", "pk": 36, "fields": {"sender": 6, "reciver": 4, "message": "Yes", "date_added": "2023-08-28T10:27:21.987Z"}}, {"model": "room.indiviualchat", "pk": 37, "fields": {"sender": 6, "reciver": 4, "message": "How are you !!\n", "date_added": "2023-08-28T10:27:28.075Z"}}, {"model": "room.indiviualchat", "pk": 38, "fields": {"sender": 4, "reciver": 6, "message": "Am fine\n", "date_added": "2023-08-28T10:27:37.243Z"}}, {"model": "room.indiviualchat", "pk": 39, "fields": {"sender": 4, "reciver": 6, "message": "What about you ?\n", "date_added": "2023-08-28T10:27:42.066Z"}}, {"model": "room.indiviualchat", "pk": 40, "fields": {"sender": 6, "reciver": 4, "message": "I am also fine\n", "date_added": "2023-08-28T10:27:56.514Z"}}, {"model": "room.indiviualchat", "pk": 41, "fields": {"sender": 4, "reciver": 6, "message": "Good\n", "date_added": "2023-08-28T10:28:04.650Z"}}, {"model": "room.indiviualchat", "pk": 42, "fields": {"sender": 6, "reciver": 4, "message": "Yes\n", "date_added": "2023-08-28T10:28:11.945Z"}}, {"model": "room.indiviualchat", "pk": 43, "fields": {"sender": 4, "reciver": 6, "message": "Kaam kro kaam baatein nai :D\n", "date_added": "2023-08-28T10:28:26.633Z"}}, {"model": "room.indiviualchat", "pk": 44, "fields": {"sender": 6, "reciver": 4, "message": "Ok gg !!\n", "date_added": "2023-08-28T10:28:34.817Z"}}, {"model": "room.indiviualchat", "pk": 45, "fields": {"sender": 4, "reciver": 6, "message": "oye\n", "date_added": "2023-08-28T11:56:03.891Z"}}, {"model": "room.indiviualchat", "pk": 46, "fields": {"sender": 6, "reciver": 4, "message": "gg\n", "date_added": "2023-08-28T11:56:12.900Z"}}, {"model": "room.indiviualchat", "pk": 47, "fields": {"sender": 4, "reciver": 6, "message": "how are u\n", "date_added": "2023-08-28T11:56:22.818Z"}}, {"model": "room.indiviualchat", "pk": 48, "fields": {"sender": 6, "reciver": 4, "message": "fine wby\n", "date_added": "2023-08-28T11:56:31.883Z"}}, {"model": "room.indiviualchat", "pk": 49, "fields": {"sender": 6, "reciver": 4, "message": "??\n", "date_added": "2023-08-28T12:01:20.114Z"}}, {"model": "room.indiviualchat", "pk": 50, "fields": {"sender": 4, "reciver": 6, "message": "", "date_added": "2023-08-29T08:55:03.028Z"}}, {"model": "room.indiviualchat", "pk": 51, "fields": {"sender": 4, "reciver": 6, "message": "Hello\n", "date_added": "2023-08-29T08:55:08.760Z"}}, {"model": "room.indiviualchat", "pk": 52, "fields": {"sender": 6, "reciver": 4, "message": "Hye\n", "date_added": "2023-08-29T08:55:51.692Z"}}, {"model": "room.indiviualchat", "pk": 53, "fields": {"sender": 4, "reciver": 6, "message": "How are you ?\n", "date_added": "2023-08-29T08:56:04.072Z"}}, {"model": "room.indiviualchat", "pk": 54, "fields": {"sender": 6, "reciver": 4, "message": "", "date_added": "2023-08-29T08:56:12.408Z"}}, {"model": "room.indiviualchat", "pk": 55, "fields": {"sender": 4, "reciver": 6, "message": "", "date_added": "2023-08-29T08:56:19.658Z"}}, {"model": "room.indiviualchat", "pk": 56, "fields": {"sender": 4, "reciver": 5, "message": "\n", "date_added": "2023-08-30T10:52:09.259Z"}}, {"model": "room.indiviualchat", "pk": 57, "fields": {"sender": 4, "reciver": 5, "message": "Hello\n", "date_added": "2023-08-30T10:52:12.186Z"}}, {"model": "room.indiviualchat", "pk": 58, "fields": {"sender": 4, "reciver": 5, "message": "Hye\n", "date_added": "2023-08-30T10:52:14.113Z"}}, {"model": "room.indiviualchat", "pk": 59, "fields": {"sender": 4, "reciver": 5, "message": "Kese ho\n", "date_added": "2023-08-30T10:52:17.641Z"}}]